{"cameraMode":{"drawMode":0,"name":"Shaded","section":"Shading Mode"},"sceneLighting":false,"audioPlay":false,"sceneViewState":{"showFog":true,"showMaterialUpdate":false,"showSkybox":true,"showFlares":true,"showImageEffects":true,"showParticleSystems":true},"in2DMode":false,"pivot":{"x":-0.4368875026702881,"y":1.0923324823379517,"z":0.6672675609588623},"rotation":{"x":0.17045757174491883,"y":-0.013306342996656895,"z":0.0023020519874989988,"w":0.9852725267410278},"size":15.882529258728028,"orthographic":false}